1|Dajana|Lalovic|932940332|dajanal@gmail.com|2
2|Anja|Srdic|394720347304|anjas@gmail.com|2
3|Arijana|Maric|934032974|arijanam@gmail.com|2
4|Irina|Poposki|347204327|irinap@gmail.com|2
5|Jovana|Lalovic|239402347|jovanal@gmail.com|2
6|Sofija|Poposki|39274032234|sofijap@gmail.com|2
7|Dimitrije|Budisavljevic|39462934|dimitrijeb@gmail.com|2
8|Smilja|Poposki|3946937824|smiljap@gmail.com|2
9|Aleksandar|Poposki|3284932473|aleksandarp@gmail.com|2
10|Jelena|Lalovic|23642394639|jelenal@gmail.com|2
11|irna|usd|asd|hudwoawh|2
12|kiug|iugi|yguy|iygfig|2
13|iugi|iygig|iugiu|iugiug|2
14|Sasa|Lalovic|239832074|sasal@gmail.com|2
15|Nenad|Novakovic|284921479824|nenadn@gmail.com|2
16|irina|poposki|893274923478|ninap@gmail.com|2
17|dajana|lalovic|230974230|dajanal@gmail.com|2
18|afdoi|wefew|fewewf|ewfwe|2
19|kjhgo|kug|ug||2
20|irina|pooski|939|fenwjf|2
21|jovan|jovanovic|38420u90u|dhbfeib|2
22|irina|poposki|23871207|ninaaaaaaa@gmail.com|2
23|aleskandar|poposki|309740927|leksaa@gmail.com|2
24|wefwe|wewef|fweefw|wfewef|2
25|proba|probica|probetina|probbbbbbb|2
26|irina|poposki|32847092|abvvv|2
27|probagosta|probica|934094|jbdjebd|2
28|probazauzetih|gvyvg|vyvvy|jfcfc|2
29|probaprozori|jdbcib|dcjn|djccbn|2
30|novoprovor|jdcbiu|bcb|bib|2
31|novoprovor|jdcbiu|bcb|bib|2
32|probazatvaranje|dihufoih|jkbkjb|kjb|2
33|probaservis|jffjn|jbob|jjnb|2
34|gvuyv|rtdyrt|VYUTVT|tfctf|2
35|probanajnovija|uhdodh|jbkbjib|usxcidcub|2
36|probaaaaa|nonon|jnkjnj|jnkn|2
37|probaalt|vtffctfc|brfrb|vedve|2
38|verv|bjnkjn|jknkj|nkjn|2
39|uhd|ibiuiu|bibib|bibiuj|2
40|proba|za|vec|ocenjene|2
41|proba|novi|guest|DTO|2
42|proba|za|guest|DTO|2
43|irina|poposki|dbewud|buyb|2
44|biuby|iubub|||2
45|uybub|uyv|||2
46|irina|popoaki|dfnow|oojn|2
47|doid|obob|||2
48|bjib|ibib|||2
49|dnowid|jojno|ojnon|on ojn|2
50|IBB|HJH|||2
51|Gost|novi|382704734|gost@gmail.com|2
52|Ena|Nenadic|063293823|enan@gmail.com|2
53|Kristina|Jovic|0393274|kristina@gmail.com|2
54|Zoran|Mitrovic|02238723|mzoran@gmail.com|2
55|Ana|Mitrovic|06384239|anam@gmail.com|2
56|Jovana|Kalinic|065232384|jovanakal@gmail.com|2
57|Aleksa|Aleksovic|283798279|aleksa@gmail.com|2
58|Marko|Markovic|06593238|markom@gmail.com|2
59|Jovana|Jovanovic|02833280923|jovanaj@gmail.com|22
60|nikola|nikolic|23874974389|hbxdhbdc|2
61|novak|novakovic|2083402938|novakn@gmial.com|2
62|novica|novakovic |98986|hsjbhsb|2
63|||||2
